<?xml version="1.0" encoding="UTF-8"?>
<!DOCTYPE mapper PUBLIC "-//ibatis.apache.org//DTD Mapper 3.0//EN"      
 "http://ibatis.apache.org/dtd/ibatis-3-mapper.dtd">
 <mapper namespace="xyu.cn.dao.LoginDao">
 	<!-- 注册 添加数据 -->
 	<insert id="add" 
	parameterType="xyu.cn.entity.User">
		INSERT INTO user(name,password)
		VALUES(#{name},#{password})
	</insert>
	<!-- 验证密码 查询密码 -->
	<select id="findByPassword" 
		resultType="String">
		SELECT password FROM user where name=#{name}
	</select>
	<!-- 查询账号类型 -->
	<select id="findByType" 
		resultType="String">
		SELECT type FROM user where name=#{name}
	</select>
	<!-- 更改账号类型 -->
	<update id="setByType" 
		parameterType="xyu.cn.entity.User">
		UPDATE user SET type = #{type}
		WHERE id = #{id}
	</update>
	<!-- 修改数据 -->
	<update id="updata" 
		parameterType="xyu.cn.entity.User">
		UPDATE user SET name = #{name},
		password = #{password},type = #{type}
		WHERE name = #{name}
	</update>
	<!-- 删除数据 -->
	<delete id="delete" parameterType="int">
		DELETE FROM user WHERE id = #{id}
	</delete>
	<!-- 查询全部数据 -->
	<select id="findAll" 
		resultType="xyu.cn.entity.User">
		SELECT * FROM user
	</select>
 </mapper>