<?xml version="1.0" encoding="UTF-8"?>  
<beans xmlns="http://www.springframework.org/schema/beans"  
       xmlns:xsi="http://www.w3.org/2001/XMLSchema-instance"  
       xmlns:context="http://www.springframework.org/schema/context"   
       xmlns:aop="http://www.springframework.org/schema/aop"  
       xmlns:tx="http://www.springframework.org/schema/tx"  
       xsi:schemaLocation="http://www.springframework.org/schema/beans  
           http://www.springframework.org/schema/beans/spring-beans-2.5.xsd  
           http://www.springframework.org/schema/context http://www.springframework.org/schema/context/spring-context-2.5.xsd  
           http://www.springframework.org/schema/aop http://www.springframework.org/schema/aop/spring-aop-2.5.xsd  
           http://www.springframework.org/schema/tx http://www.springframework.org/schema/tx/spring-tx-2.5.xsd">
	
	<bean id="sqlSessionFactory" class="org.mybatis.spring.SqlSessionFactoryBean">
	   <property name="dataSource" ref="dataSource" />
	   <!-- 自动扫描mapping.xml文件 -->
	   <property name="mapperLocations" >
			<list><value>classpath:mapper/*.xml</value></list>
		</property>
	</bean>
    <!-- Mapper接口所在包，Spring会自动查找其下的Mapper -->
	<bean class="org.mybatis.spring.mapper.MapperScannerConfigurer">
		<property name="basePackage" value="xyu.cn.dao "/>
	</bean>
	
</beans>  