<?xml version="1.0" encoding="UTF-8"?>  
<beans xmlns="http://www.springframework.org/schema/beans"  
       xmlns:xsi="http://www.w3.org/2001/XMLSchema-instance"  
       xmlns:context="http://www.springframework.org/schema/context"   
       xmlns:aop="http://www.springframework.org/schema/aop"  
       xmlns:tx="http://www.springframework.org/schema/tx"  
       xsi:schemaLocation="http://www.springframework.org/schema/beans  
           http://www.springframework.org/schema/beans/spring-beans-2.5.xsd  
           http://www.springframework.org/schema/context http://www.springframework.org/schema/context/spring-context-2.5.xsd  
           http://www.springframework.org/schema/aop http://www.springframework.org/schema/aop/spring-aop-2.5.xsd  
           http://www.springframework.org/schema/tx http://www.springframework.org/schema/tx/spring-tx-2.5.xsd">
	
	<!-- 读取配置文件，提取配置文件中的值 -->
	<context:property-placeholder location="classpath:mysql.properties" />
	
	<!-- 配置DRUID的过滤监控功能 -->
	<bean id="stat-filter" class="com.alibaba.druid.filter.stat.StatFilter"
		lazy-init="true">
		<description>状态过滤器</description>
		<!-- 通过slowSqlMillis用来配置SQL慢的标准 -->
		<property name="slowSqlMillis" value="3000" />
		<!-- 以日志形式输出执行效率慢的SQL -->
		<property name="logSlowSql" value="true" />
		<!-- 通过mergeSql属性，合并SQL -->
		<property name="mergeSql" value="true" />
	</bean>
	
	<!-- 配置连接池 -->
	<bean id="dataSource" class="com.alibaba.druid.pool.DruidDataSource"
		destroy-method="close" init-method="init" lazy-init="true">
		<property name="driverClassName" value="${driver}" />
		<property name="url" value="${url}" />
		<property name="username" value="${username}" />
		<property name="password" value="${password}" />
		<!-- 连接池启动时的初始值 -->
		<property name="initialSize" value="${initialSize}" />
		<!-- 连接池的最大值 -->
		<property name="maxActive" value="${maxActive}" />
		<!-- 最大空闲值.当经过一个高峰时间后，连接池可以慢慢将已经用不到的连接慢慢释放一部分，一直减少到maxIdle为止 -->
		<property name="maxIdle" value="${maxIdle}" />
		<!-- 最小空闲值.当空闲的连接数少于阀值时，连接池就会预申请去一些连接，以免洪峰来时来不及申请 -->
		<property name="minIdle" value="${minIdle}" />
		<property name="maxWait" value="${maxWait}" />
		<!--配置了maxWait之后，缺省启用公平锁，并发效率会有所下降，如果需要可以通过配置useUnfairLock属性为true使用非公平锁。 -->
		<property name="useUnfairLock" value="true" />
		<property name="defaultReadOnly" value="false" />
		<!-- 通过配置StatFilter,打开监控台统计功能 -->
		<property name="proxyFilters">
			<list>
				<ref bean="stat-filter" />
			</list>
		</property>
		<property name="filters" value="${druid.filters}" />
		<!--<property name="connectionProperties" value="password=${username}"/>-->
		
		<property name="testWhileIdle" value="true" />
		<property name="testOnBorrow" value="false" />
		<property name="testOnReturn" value="false" />
		<property name="validationQuery" value="SELECT 1 from DUAL" />
		<property name="timeBetweenLogStatsMillis" value="${timeBetweenLogStatsMillis}" />
		
	</bean>        
</beans>  